customer_id,first_name,last_name,email,address,phone_number
1,Bonnie,Beddows,bbeddows0@deviantart.com,Apt 1407,655-477-0762
2,Rodd,Masserel,rmasserel1@pbs.org,Apt 620,352-837-6386
3,Darya,Le Pruvost,dlepruvost2@xing.com,PO Box 43772,792-865-6229
4,Aland,Kleuer,akleuer3@wix.com,Suite 63,720-173-2277
5,Aurie,Coventon,acoventon4@myspace.com,Room 905,744-704-5188
6,Crista,Kidde,ckidde5@bigcartel.com,1st Floor,635-148-6100
7,Jarrod,Bartozzi,jbartozzi6@hostgator.com,PO Box 49979,303-440-8835
8,George,Quade,gquade7@yahoo.co.jp,Room 307,864-379-1963
9,Sergeant,Dible,sdible8@sakura.ne.jp,PO Box 19053,472-816-1942
10,Tersina,Seamen,tseamen9@yelp.com,Suite 25,975-765-0497
11,Mischa,McGerraghty,mmcgerraghtya@blogspot.com,Room 92,741-636-3866
12,Brigitte,Jaksic,bjaksicb@squidoo.com,PO Box 81380,381-453-7400
13,Urbanus,Wastie,uwastiec@bloglovin.com,12th Floor,585-862-5613
14,Lyssa,Oganesian,loganesiand@tumblr.com,PO Box 29796,845-356-8433
15,Russ,Mariette,rmariettee@nps.gov,Suite 81,178-642-4496
16,Helga,Bikker,hbikkerf@pbs.org,PO Box 47196,470-587-5631
17,Morry,Kirman,mkirmang@alexa.com,PO Box 6185,871-440-4009
18,Cooper,Bickerdike,cbickerdikeh@4shared.com,PO Box 71301,704-626-6552
19,Augusto,Robertz,arobertzi@printfriendly.com,PO Box 18496,303-316-4754
20,Lucine,Guislin,lguislinj@sfgate.com,19th Floor,569-262-9556
21,Luigi,Derell,lderellk@liveinternet.ru,Room 1379,698-932-6749
22,Corabelle,Seivertsen,cseivertsenl@mac.com,Apt 702,582-248-1050
23,Rudolfo,Freear,rfreearm@nps.gov,5th Floor,253-399-9671
24,Skipp,Reddings,sreddingsn@is.gd,Room 1139,596-306-9999
25,Lee,Cotelard,lcotelardo@loc.gov,11th Floor,260-220-7174
26,Alta,Sturror,asturrorp@i2i.jp,Suite 75,684-236-0150
27,Jay,Thackwray,jthackwrayq@t-online.de,PO Box 68742,103-847-2006
28,Shandra,Galpen,sgalpenr@dion.ne.jp,7th Floor,408-531-2463
29,Marlane,Phant,mphants@hugedomains.com,16th Floor,499-533-7946
30,Katherina,Swainger,kswaingert@wordpress.org,Suite 54,316-925-9498
31,Ginnie,Arter,garteru@europa.eu,Apt 405,211-374-1975
32,Dorelle,Vittet,dvittetv@yahoo.com,Room 157,944-228-9787
33,Jessey,Argontt,jargonttw@sbwire.com,5th Floor,917-822-2049
34,Karl,McCarthy,kmccarthyx@merriam-webster.com,PO Box 77005,978-101-6561
35,Howie,Ternent,hternenty@joomla.org,1st Floor,672-992-3120
36,Horacio,Sciusscietto,hsciussciettoz@forbes.com,18th Floor,709-609-9400
37,Jorrie,Bagger,jbagger10@house.gov,Room 494,211-837-6249
38,Reinaldo,Pilmer,rpilmer11@guardian.co.uk,Apt 322,758-535-7819
39,Zebulon,Barbery,zbarbery12@indiegogo.com,Room 152,862-657-9220
40,Maynord,Tawn,mtawn13@marketwatch.com,PO Box 11784,897-998-5202
41,Rowan,Renbold,rrenbold14@squarespace.com,Apt 576,399-433-9635
42,Selby,Pfeffle,spfeffle15@ocn.ne.jp,Suite 80,237-123-3996
43,Merwin,Rosling,mrosling16@omniture.com,Apt 762,575-585-8365
44,Brina,Mogridge,bmogridge17@npr.org,10th Floor,472-719-9758
45,Jolyn,Duffell,jduffell18@etsy.com,PO Box 15864,580-248-2647
46,Hewett,Scheffler,hscheffler19@amazon.com,Suite 18,656-215-0452
47,Knox,Manders,kmanders1a@wordpress.org,7th Floor,932-387-8154
48,Cecil,Wick,cwick1b@redcross.org,PO Box 90000,730-742-1328
49,Clarissa,Pashe,cpashe1c@posterous.com,Room 1349,474-135-4894
50,Berti,Etchingham,betchingham1d@plala.or.jp,Suite 45,955-961-7106
51,Alex,Boulden,aboulden1e@google.cn,10th Floor,324-998-5884
52,Rebekah,Plaster,rplaster1f@thetimes.co.uk,Room 1292,521-484-3508
53,Caitrin,Wetherill,cwetherill1g@paginegialle.it,PO Box 46228,852-353-6409
54,Consuela,Oger,coger1h@archive.org,12th Floor,613-838-8347
55,Darbie,Wing,dwing1i@unblog.fr,Suite 64,765-874-4828
56,Xena,Artrick,xartrick1j@ameblo.jp,PO Box 47039,922-600-2639
57,Dayna,Croley,dcroley1k@who.int,Apt 1364,637-145-8254
58,Latisha,Meagh,lmeagh1l@smugmug.com,Apt 1553,259-471-3040
59,Swen,Bain,sbain1m@ibm.com,4th Floor,631-475-8760
60,Ikey,Ashwin,iashwin1n@ed.gov,Suite 7,943-955-6780
61,Adelle,Boatright,aboatright1o@tripadvisor.com,Apt 867,920-771-5758
62,Anabella,Beushaw,abeushaw1p@elpais.com,Apt 117,373-118-6527
63,Lana,Bollands,lbollands1q@example.com,PO Box 54331,946-852-8363
64,Osbourne,Rassmann,orassmann1r@addthis.com,PO Box 64049,744-362-6738
65,Arvy,Lates,alates1s@techcrunch.com,PO Box 66086,234-361-3602
66,Axel,Branch,abranch1t@ehow.com,Suite 7,998-399-0960
67,Halley,Potter,hpotter1u@ucsd.edu,PO Box 17667,818-247-8935
68,Margery,Galier,mgalier1v@whitehouse.gov,Apt 1874,175-193-8823
69,Tiffany,MacGillacolm,tmacgillacolm1w@topsy.com,Apt 1721,860-487-3854
70,Marillin,Crowcroft,mcrowcroft1x@theguardian.com,Apt 244,749-947-8234
71,Lyndsay,Hulse,lhulse1y@moonfruit.com,PO Box 4575,734-866-6500
72,Alfi,Deppen,adeppen1z@dyndns.org,12th Floor,311-232-2430
73,Rollie,D'Onise,rdonise20@macromedia.com,PO Box 80866,450-691-5398
74,Borg,Godber,bgodber21@washington.edu,PO Box 37468,747-323-6617
75,Gerianna,Scimoni,gscimoni22@quantcast.com,2nd Floor,419-861-1821
76,Itch,Lacotte,ilacotte23@qq.com,Apt 741,567-229-6885
77,Wilek,Vooght,wvooght24@exblog.jp,6th Floor,937-825-8460
78,Amory,Parbrook,aparbrook25@paypal.com,1st Floor,102-989-0294
79,Damara,Robelin,drobelin26@nytimes.com,Apt 1437,128-485-8516
80,Kimball,Fairlie,kfairlie27@trellian.com,Apt 1612,718-879-7811
81,Christel,Clowton,cclowton28@multiply.com,16th Floor,655-359-6288
82,Phyllida,Wardle,pwardle29@blogs.com,5th Floor,119-672-2363
83,Hubie,Allison,hallison2a@ted.com,PO Box 81926,895-332-7065
84,Charis,Wank,cwank2b@goo.gl,16th Floor,316-388-5481
85,Gipsy,McLeod,gmcleod2c@berkeley.edu,Apt 1402,287-796-3984
86,Morlee,Joppich,mjoppich2d@eventbrite.com,PO Box 66016,968-320-7446
87,Annetta,Dicky,adicky2e@sitemeter.com,Suite 30,503-374-6642
88,Jasen,Cahn,jcahn2f@harvard.edu,Suite 17,346-226-0835
89,Kearney,Deshorts,kdeshorts2g@kickstarter.com,12th Floor,220-925-0261
90,Cello,Nevill,cnevill2h@sitemeter.com,7th Floor,600-870-1305
91,Viviene,Jefferson,vjefferson2i@discovery.com,Apt 1510,982-978-8087
92,Brinna,Lammertz,blammertz2j@rediff.com,Apt 1215,508-850-2683
93,Frederick,Edmondson,fedmondson2k@networksolutions.com,3rd Floor,399-319-7074
94,Lisabeth,Reid,lreid2l@list-manage.com,Room 219,457-278-1870
95,Lazare,Heavy,lheavy2m@cdc.gov,Suite 49,180-774-5995
96,Elianore,Wile,ewile2n@xrea.com,Room 1993,133-196-9354
97,Cy,Okenden,cokenden2o@ning.com,Apt 1161,785-839-7605
98,Essa,Currao,ecurrao2p@cnn.com,Suite 94,111-198-5927
99,Ali,Paunsford,apaunsford2q@hc360.com,Suite 61,747-544-3739
100,Lory,Sturdy,lsturdy2r@unc.edu,10th Floor,802-536-6477
101,Cesar,Heaviside,cheaviside2s@google.cn,PO Box 52981,317-882-9982
102,Cammi,Ezele,cezele2t@yellowpages.com,14th Floor,854-110-1915
103,Christian,Lack,clack2u@who.int,15th Floor,934-110-4747
104,Loella,Commins,lcommins2v@wsj.com,Suite 8,347-366-6203
105,Gratiana,Dunstall,gdunstall2w@artisteer.com,Apt 614,780-596-6880
106,Fabiano,Hyslop,fhyslop2x@list-manage.com,Suite 99,923-488-8395
107,Ceil,Carrell,ccarrell2y@shutterfly.com,8th Floor,860-746-8438
108,Minda,Woffenden,mwoffenden2z@zdnet.com,Apt 1588,649-130-8606
109,Roxanne,Mathison,rmathison30@nationalgeographic.com,4th Floor,690-381-5358
110,Calla,Skip,cskip31@weather.com,Suite 1,432-717-9068
111,Annetta,Stapley,astapley32@domainmarket.com,Room 1786,651-590-8909
112,Mikael,Gladdis,mgladdis33@sciencedaily.com,Suite 52,669-905-7075
113,Brianna,Havill,bhavill34@i2i.jp,Apt 1519,705-323-8359
114,Luise,Morgue,lmorgue35@imageshack.us,Room 1736,895-607-7780
115,Portia,Worters,pworters36@ihg.com,Suite 62,594-599-8270
116,Jamesy,Wignall,jwignall37@pcworld.com,Room 594,749-438-5428
117,Kenny,Blinde,kblinde38@prweb.com,PO Box 85413,410-685-5917
118,Gianni,Bonfield,gbonfield39@vimeo.com,PO Box 77767,314-839-5180
119,Jammal,Sipson,jsipson3a@census.gov,PO Box 47148,787-731-1816
120,Nolan,Kohn,nkohn3b@telegraph.co.uk,Suite 15,708-741-4501
121,Kingsly,Pinckney,kpinckney3c@scientificamerican.com,Apt 1880,133-339-6246
122,Margareta,Tebbet,mtebbet3d@google.ru,Apt 1518,612-227-0396
123,Gloriane,Legen,glegen3e@nbcnews.com,PO Box 49281,293-954-1192
124,Larine,Schiesterl,lschiesterl3f@wikia.com,6th Floor,648-124-2382
125,Alexio,Scrammage,ascrammage3g@lycos.com,PO Box 72728,388-463-3142
126,Rustin,Mansour,rmansour3h@ftc.gov,Suite 54,961-357-1177
127,Essie,Lenox,elenox3i@reddit.com,PO Box 78028,165-954-9422
128,Edwin,Whitebread,ewhitebread3j@wired.com,Suite 47,614-516-2332
129,Shelton,Boydell,sboydell3k@apache.org,Apt 1985,939-860-8516
130,Lianne,Sennett,lsennett3l@nba.com,Suite 87,637-555-3999
131,Dorene,Leebeter,dleebeter3m@ebay.co.uk,Room 732,784-738-3852
132,Karlis,Tschiersch,ktschiersch3n@etsy.com,Suite 88,436-118-3302
133,Nicki,Eyes,neyes3o@disqus.com,2nd Floor,920-104-1544
134,Nil,Perigoe,nperigoe3p@apple.com,Room 1939,514-311-4511
135,Mollee,Itzkovwich,mitzkovwich3q@themeforest.net,PO Box 19944,660-811-0882
136,Shelia,Spillman,sspillman3r@51.la,Suite 54,751-130-2525
137,Pollyanna,Rings,prings3s@google.com.hk,14th Floor,925-837-6938
138,Edna,Asser,easser3t@archive.org,PO Box 15483,618-475-6098
139,Sherwin,Laval,slaval3u@slashdot.org,Suite 74,478-270-4530
140,Micheil,Bernetti,mbernetti3v@usatoday.com,Room 1308,794-715-2532
141,Mordecai,Dracey,mdracey3w@sciencedaily.com,15th Floor,553-327-7868
142,Stepha,McVee,smcvee3x@npr.org,PO Box 78362,918-728-0895
143,Livvie,Lynds,llynds3y@goo.gl,Suite 5,381-661-3081
144,Vail,Rickets,vrickets3z@domainmarket.com,Apt 871,189-145-4541
145,Lyndsay,Pedel,lpedel40@mayoclinic.com,Suite 23,835-687-9035
146,Torrie,Scripture,tscripture41@state.tx.us,PO Box 80991,711-229-8791
147,Pippy,Spriggin,pspriggin42@elegantthemes.com,19th Floor,330-951-7431
148,Steffane,Pollicatt,spollicatt43@blog.com,PO Box 12471,562-666-6029
149,Francesco,Scotchbourouge,fscotchbourouge44@webeden.co.uk,Room 478,321-609-1367
150,Lorenzo,Spreckley,lspreckley45@surveymonkey.com,Room 81,704-158-0851
151,Bron,Breem,bbreem46@nasa.gov,PO Box 45739,245-494-5246
152,Tabatha,Banyard,tbanyard47@bandcamp.com,PO Box 44505,760-427-3487
153,Karita,Jardin,kjardin48@techcrunch.com,Room 1890,943-113-2278
154,Mathew,Greggor,mgreggor49@hhs.gov,Apt 1471,103-998-3072
155,Gerhardt,Bagniuk,gbagniuk4a@ameblo.jp,11th Floor,752-272-8205
156,Alwyn,Myrtle,amyrtle4b@cdc.gov,Apt 497,179-533-8080
157,Austine,Bond,abond4c@youtu.be,19th Floor,790-820-5123
158,Giorgia,Bayly,gbayly4d@theglobeandmail.com,Apt 1398,249-886-8202
159,Temple,Michelle,tmichelle4e@princeton.edu,Apt 1902,486-471-0446
160,Riva,Klimochkin,rklimochkin4f@topsy.com,Suite 17,626-870-2439
161,Jo-ann,Filmer,jfilmer4g@state.gov,17th Floor,247-516-9103
162,Ram,Guerrero,rguerrero4h@parallels.com,5th Floor,813-229-9292
163,Dionisio,Bontoft,dbontoft4i@lycos.com,15th Floor,494-832-2436
164,Gav,Trowel,gtrowel4j@apple.com,Room 360,866-730-8073
165,Lilah,Heustace,lheustace4k@cnet.com,Room 1804,985-809-9319
166,Martino,McClinton,mmcclinton4l@geocities.jp,Apt 894,940-732-1900
167,Oberon,Clemenza,oclemenza4m@java.com,Apt 503,690-261-9735
168,Adriane,Tompkiss,atompkiss4n@xinhuanet.com,PO Box 5427,851-954-1276
169,Randi,Emilien,remilien4o@prlog.org,Room 1597,988-718-5810
170,Shaun,Manns,smanns4p@nba.com,Suite 49,524-918-8862
171,Nikolaus,Freeman,nfreeman4q@dell.com,Suite 78,728-240-7513
172,Babbette,Smurfitt,bsmurfitt4r@google.fr,Room 539,824-383-8473
173,Amabelle,Van Schafflaer,avanschafflaer4s@huffingtonpost.com,Apt 467,424-941-5846
174,Wynn,Barry,wbarry4t@springer.com,PO Box 29759,975-219-1211
175,Fran,Arrow,farrow4u@eepurl.com,20th Floor,645-620-8185
176,Gus,Dewis,gdewis4v@posterous.com,10th Floor,942-169-5551
177,Alyssa,Whines,awhines4w@slashdot.org,7th Floor,292-365-3248
178,Berthe,Alcide,balcide4x@canalblog.com,Room 351,624-543-1682
179,Danit,Beauchamp,dbeauchamp4y@google.com.au,Suite 75,827-325-8049
180,Abbi,Winwright,awinwright4z@hp.com,PO Box 16947,936-506-3034
181,Daphne,Abley,dabley50@tamu.edu,Suite 100,862-227-4497
182,Alyce,Wayon,awayon51@mit.edu,Suite 65,801-260-3546
183,Enos,Campanelle,ecampanelle52@ow.ly,PO Box 54683,816-749-1068
184,Chip,Jacobs,cjacobs53@com.com,PO Box 2338,656-402-4618
185,Sauncho,Binch,sbinch54@wikimedia.org,19th Floor,186-130-1809
186,Eberto,Faint,efaint55@constantcontact.com,3rd Floor,435-126-2099
187,Rahal,Kershow,rkershow56@hao123.com,Apt 1231,594-616-7396
188,Agnola,Devers,adevers57@last.fm,Suite 59,279-354-6431
189,Allianora,Blakeden,ablakeden58@live.com,Apt 503,807-389-9221
190,Leena,Munn,lmunn59@bbc.co.uk,13th Floor,519-943-8714
191,Melisa,Davidy,mdavidy5a@slashdot.org,PO Box 18887,399-456-0944
192,Orel,Yushin,oyushin5b@dyndns.org,Room 1677,707-962-9837
193,Rosalia,Alderson,ralderson5c@ed.gov,Apt 1252,244-892-1288
194,Iosep,Hobbing,ihobbing5d@baidu.com,Room 30,700-667-8388
195,Gabie,Busch,gbusch5e@umn.edu,19th Floor,833-301-8022
196,Franklyn,Swepson,fswepson5f@yelp.com,2nd Floor,613-565-2562
197,Raven,Grizard,rgrizard5g@globo.com,Room 1963,280-715-2547
198,Price,Sictornes,psictornes5h@icq.com,18th Floor,116-920-3513
199,Jennee,Danelutti,jdanelutti5i@marketwatch.com,Suite 68,993-939-2385
200,Dill,Habbes,dhabbes5j@studiopress.com,Room 232,773-556-7603
201,Lauretta,Kollas,lkollas5k@deliciousdays.com,PO Box 1154,460-100-8944
202,Mattheus,Wolstenholme,mwolstenholme5l@livejournal.com,Room 1882,547-124-7819
203,Darb,Maly,dmaly5m@prnewswire.com,6th Floor,694-364-7187
204,Lorraine,Pynner,lpynner5n@guardian.co.uk,PO Box 82343,624-987-5904
205,Othilia,Dockrell,odockrell5o@bigcartel.com,Apt 1277,323-783-7192
206,Gennie,Novill,gnovill5p@skyrock.com,Suite 98,439-666-6431
207,Harlan,Liebmann,hliebmann5q@technorati.com,Room 1663,457-873-0211
208,Ronny,Young,ryoung5r@europa.eu,Room 1926,158-525-7395
209,Caresa,Jermyn,cjermyn5s@wikipedia.org,PO Box 71010,851-586-1513
210,Aubine,Shearmur,ashearmur5t@ibm.com,PO Box 72872,150-720-1030
211,Gene,Lathy,glathy5u@unesco.org,Apt 1208,498-893-8862
212,Benni,Camelli,bcamelli5v@barnesandnoble.com,PO Box 65241,223-401-8937
213,Amil,Whitecross,awhitecross5w@ezinearticles.com,Apt 846,212-734-2768
214,Dasie,Ryman,dryman5x@answers.com,Suite 35,553-385-9067
215,Jakob,Aronovich,jaronovich5y@npr.org,PO Box 67939,812-769-0952
216,Price,Woodard,pwoodard5z@ocn.ne.jp,6th Floor,337-500-8440
217,Sarita,Lipscomb,slipscomb60@economist.com,PO Box 94388,686-228-4826
218,Alta,Aarons,aaarons61@scribd.com,16th Floor,998-596-5148
219,Frankie,Minithorpe,fminithorpe62@xing.com,PO Box 44134,158-868-7865
220,Noam,Nowland,nnowland63@toplist.cz,Apt 707,833-143-3790
221,Susann,Merner,smerner64@timesonline.co.uk,PO Box 79396,697-229-5860
222,Hortensia,Ridings,hridings65@salon.com,Suite 26,255-401-4312
223,Adella,Nockolds,anockolds66@sbwire.com,15th Floor,498-547-4442
224,Cordey,Mulran,cmulran67@cyberchimps.com,4th Floor,880-118-1027
225,Lorne,Corkhill,lcorkhill68@cornell.edu,5th Floor,791-834-9056
226,Barbara-anne,Darrigoe,bdarrigoe69@weebly.com,12th Floor,110-258-2842
227,Franzen,Shillabear,fshillabear6a@nasa.gov,PO Box 59729,630-248-9628
228,Olivero,Wiltshaw,owiltshaw6b@unesco.org,17th Floor,103-539-5446
229,Kris,Mohamed,kmohamed6c@wix.com,Apt 239,121-555-9967
230,Kingsley,Meake,kmeake6d@aboutads.info,Apt 779,499-182-8077
231,Jacquenetta,Habishaw,jhabishaw6e@wikipedia.org,5th Floor,617-323-5904
232,Marillin,Humble,mhumble6f@youtu.be,Room 798,349-106-6041
233,Rees,Ebbotts,rebbotts6g@mozilla.com,PO Box 24670,263-785-0833
234,Shellie,Ciccotto,sciccotto6h@nature.com,PO Box 4633,723-282-1775
235,Eddie,Delacour,edelacour6i@geocities.com,Suite 49,545-242-1019
236,Stacey,Wodeland,swodeland6j@auda.org.au,Apt 402,331-131-9102
237,Carlene,Ife,cife6k@newyorker.com,9th Floor,989-354-9191
238,Gustie,Liver,gliver6l@telegraph.co.uk,15th Floor,818-774-5928
239,Selby,Wintle,swintle6m@yandex.ru,Apt 288,984-366-2588
240,Ertha,Northbridge,enorthbridge6n@ca.gov,Apt 1733,290-846-6861
241,Gipsy,Widdop,gwiddop6o@comsenz.com,PO Box 38066,426-937-8963
242,Stevana,Dubois,sdubois6p@baidu.com,Room 617,260-748-7479
243,Arabelle,Stallwood,astallwood6q@meetup.com,Room 744,653-768-0834
244,Ophelia,Sarl,osarl6r@sphinn.com,Room 1729,722-959-1785
245,Gordie,Hoxey,ghoxey6s@cbslocal.com,Room 234,925-178-3670
246,Kurtis,Roback,kroback6t@pinterest.com,Suite 69,165-220-5041
247,Phillis,Fradson,pfradson6u@blogspot.com,PO Box 86220,718-217-1394
248,Phineas,Bruneton,pbruneton6v@homestead.com,4th Floor,872-697-7568
249,Ferdinand,Label,flabel6w@china.com.cn,Suite 80,914-984-0853
250,Travers,Surmon,tsurmon6x@addthis.com,Room 173,535-984-2746
251,Brant,Cullabine,bcullabine6y@phoca.cz,Apt 1162,122-584-8007
252,Bethany,MacCrachen,bmaccrachen6z@businessinsider.com,PO Box 87150,232-894-9233
253,Edik,Sevin,esevin70@comsenz.com,3rd Floor,924-393-6427
254,Arney,Castrillo,acastrillo71@google.ru,Apt 1871,698-673-8460
255,Tandi,Simenon,tsimenon72@goo.ne.jp,Room 168,125-205-8227
256,Anthe,Elnor,aelnor73@ox.ac.uk,Suite 54,202-581-3475
257,Audi,Calverd,acalverd74@timesonline.co.uk,10th Floor,893-950-7342
258,Nevile,Gemelli,ngemelli75@chron.com,Room 1833,698-676-4068
259,Chaim,Masarrat,cmasarrat76@economist.com,PO Box 37556,654-123-4910
260,Aloin,Vedntyev,avedntyev77@amazon.com,Suite 87,852-705-1836
261,Tammy,Cummings,tcummings78@biglobe.ne.jp,Apt 1130,345-139-8774
262,Mariejeanne,Farlambe,mfarlambe79@360.cn,PO Box 21268,127-516-0888
263,Andi,Maceur,amaceur7a@jiathis.com,2nd Floor,687-496-3877
264,Sharyl,Urpeth,surpeth7b@si.edu,8th Floor,865-593-8278
265,Madelaine,Cheves,mcheves7c@ezinearticles.com,PO Box 31502,903-497-2515
266,Cherye,Mitchell,cmitchell7d@uiuc.edu,14th Floor,664-900-2432
267,Dill,Keely,dkeely7e@hostgator.com,PO Box 70585,391-397-9962
268,Mendy,Sheryne,msheryne7f@google.de,Suite 30,678-636-4870
269,Keene,Dunn,kdunn7g@e-recht24.de,Room 567,416-788-6850
270,Renaud,Doge,rdoge7h@over-blog.com,PO Box 99396,260-358-4415
271,Sisile,Mapledorum,smapledorum7i@shareasale.com,Room 909,582-836-8556
272,Milicent,Lounds,mlounds7j@oakley.com,Suite 3,555-338-7793
273,Nannette,Shankle,nshankle7k@deviantart.com,Apt 302,776-803-3516
274,Taylor,Forber,tforber7l@tamu.edu,Apt 67,548-367-6949
275,Benji,Gingell,bgingell7m@disqus.com,Apt 1059,476-106-8796
276,Corilla,Burford,cburford7n@google.es,Apt 901,162-272-0046
277,Charlie,Oliver,coliver7o@reddit.com,Room 577,334-241-5498
278,Florry,Crossfeld,fcrossfeld7p@google.es,Suite 22,195-693-3013
279,Brandon,Woofendell,bwoofendell7q@discovery.com,13th Floor,313-942-9252
280,Flemming,Bartul,fbartul7r@dyndns.org,17th Floor,815-124-4296
281,Lib,Grangier,lgrangier7s@quantcast.com,Apt 47,810-667-6333
282,Sydel,Zuan,szuan7t@elegantthemes.com,PO Box 41357,799-447-5402
283,Robinett,Chilvers,rchilvers7u@shareasale.com,Apt 98,772-488-6183
284,Cathrine,Cartmale,ccartmale7v@taobao.com,PO Box 90771,441-821-5164
285,Seward,Shirer,sshirer7w@bluehost.com,PO Box 22806,222-661-0128
286,Carla,Metts,cmetts7x@technorati.com,PO Box 96677,252-494-4490
287,Donovan,Fleeming,dfleeming7y@state.gov,Room 593,688-296-4408
288,Frankie,Imms,fimms7z@bbc.co.uk,Suite 45,865-906-8375
289,Sutherlan,Ludman,sludman80@topsy.com,17th Floor,631-426-8190
290,Joel,Freak,jfreak81@cornell.edu,Room 1343,649-667-1078
291,Shaylah,Dunderdale,sdunderdale82@artisteer.com,Room 637,495-186-2647
292,Shirline,Josselsohn,sjosselsohn83@netvibes.com,Apt 229,658-207-6435
293,Amelia,Capon,acapon84@canalblog.com,Room 1581,703-241-2048
294,Derby,Althorpe,dalthorpe85@cpanel.net,Suite 82,639-355-7638
295,Zebadiah,Parsonage,zparsonage86@thetimes.co.uk,Suite 16,949-678-7636
296,Lisle,Cansfield,lcansfield87@unicef.org,Room 1907,329-736-0418
297,Abbie,Narup,anarup88@newyorker.com,PO Box 56041,607-221-9225
298,Teresita,Huntingdon,thuntingdon89@meetup.com,15th Floor,218-908-9612
299,Jacquelynn,Godrich,jgodrich8a@senate.gov,15th Floor,827-472-3639
300,Roselia,Norster,rnorster8b@stumbleupon.com,Suite 6,696-594-3846
301,Jerome,Rowth,jrowth8c@virginia.edu,PO Box 98380,551-699-8325
302,Christos,Mayler,cmayler8d@jalbum.net,Suite 73,295-264-8216
303,Gunter,Scurfield,gscurfield8e@businessinsider.com,Room 486,317-121-8242
304,Huntlee,Riden,hriden8f@craigslist.org,Suite 23,389-385-2520
305,Lorelle,Fulop,lfulop8g@vk.com,Room 1780,981-525-6256
306,Regine,Shelper,rshelper8h@hatena.ne.jp,7th Floor,490-262-0505
307,Katrina,Gauche,kgauche8i@imgur.com,Apt 754,339-483-9028
308,Fidelio,Ventam,fventam8j@bbb.org,19th Floor,101-551-7784
309,Renelle,Cantrell,rcantrell8k@hhs.gov,Suite 82,364-521-7951
310,Auberta,Ledford,aledford8l@merriam-webster.com,Room 71,644-894-7082
311,Denni,Dorie,ddorie8m@google.co.jp,PO Box 7606,283-342-3115
312,Ladonna,Rive,lrive8n@who.int,PO Box 1791,304-956-1290
313,Isidro,Beadnall,ibeadnall8o@yale.edu,11th Floor,915-852-4623
314,Maye,Krysztofowicz,mkrysztofowicz8p@google.fr,Suite 31,881-748-3851
315,Gleda,Greenmon,ggreenmon8q@theguardian.com,Apt 1951,464-792-5879
316,Aveline,Langdale,alangdale8r@imdb.com,Apt 344,915-649-2748
317,Delphine,McCraine,dmccraine8s@slideshare.net,Room 1473,808-987-0633
318,Alexis,Gunther,agunther8t@mac.com,Room 201,671-913-1065
319,Griffith,Gaymer,ggaymer8u@dot.gov,Room 975,877-567-4609
320,Thomasa,Seven,tseven8v@arizona.edu,Apt 817,241-747-8341
321,Pia,Rabl,prabl8w@facebook.com,Suite 32,725-233-4886
322,Carney,Wadeson,cwadeson8x@buzzfeed.com,18th Floor,767-322-2627
323,Pierrette,Klimmek,pklimmek8y@hhs.gov,Apt 574,833-480-7515
324,Lutero,Kopp,lkopp8z@nydailynews.com,11th Floor,685-975-9844
325,Teddy,Punton,tpunton90@domainmarket.com,15th Floor,742-795-3511
326,Yasmin,Rasp,yrasp91@hugedomains.com,2nd Floor,527-174-3140
327,Sydelle,Worsnip,sworsnip92@qq.com,Apt 1185,257-201-4689
328,Phylis,Statefield,pstatefield93@photobucket.com,Room 935,414-878-4289
329,Marillin,Clynman,mclynman94@buzzfeed.com,PO Box 88631,619-913-0405
330,Rasia,Deveraux,rdeveraux95@nature.com,Room 1273,750-290-8773
331,Silvain,Ambroise,sambroise96@bandcamp.com,PO Box 26150,483-635-5559
332,Tami,Gleeson,tgleeson97@bloglines.com,15th Floor,626-906-3079
333,Grange,Lippo,glippo98@cdbaby.com,Room 229,666-351-7586
334,Ruperta,Tillerton,rtillerton99@51.la,Room 147,741-432-9351
335,Mose,Szymczyk,mszymczyk9a@vkontakte.ru,PO Box 86251,568-283-8197
336,Helli,Latehouse,hlatehouse9b@walmart.com,13th Floor,260-736-1546
337,Rik,Doodson,rdoodson9c@yahoo.co.jp,Room 1385,448-988-6474
338,Aryn,Vine,avine9d@so-net.ne.jp,Apt 369,315-967-3484
339,Wittie,Delgardo,wdelgardo9e@cyberchimps.com,PO Box 84830,532-660-4824
340,Kendall,Habble,khabble9f@sogou.com,Room 1843,354-217-9692
341,Jo-ann,Knowlson,jknowlson9g@buzzfeed.com,Suite 47,389-704-2670
342,Kelby,Langelay,klangelay9h@de.vu,3rd Floor,920-389-2510
343,Linea,Barwell,lbarwell9i@pagesperso-orange.fr,4th Floor,279-862-0019
344,Dallas,Huster,dhuster9j@freewebs.com,Room 1133,321-497-4316
345,Libbie,Beeho,lbeeho9k@umn.edu,Apt 1685,482-940-9834
346,Dorie,O'Keenan,dokeenan9l@seesaa.net,Suite 40,678-655-6468
347,Timmie,Whitcombe,twhitcombe9m@histats.com,PO Box 79627,328-955-9541
348,Mureil,Kadar,mkadar9n@fema.gov,PO Box 81281,351-273-9697
349,Merrielle,Hoggins,mhoggins9o@usatoday.com,PO Box 61207,414-997-8837
350,Tamma,Grubey,tgrubey9p@shinystat.com,Room 319,681-376-4849
351,Thalia,Pilcher,tpilcher9q@discovery.com,1st Floor,481-139-8566
352,Moshe,Donisthorpe,mdonisthorpe9r@soup.io,PO Box 51955,963-542-2101
353,Nonah,Spadotto,nspadotto9s@wikispaces.com,PO Box 12646,287-322-3251
354,Adolpho,Vicent,avicent9t@va.gov,Apt 1229,294-828-8352
355,Bessie,Dabnot,bdabnot9u@wp.com,5th Floor,223-758-2185
356,Alyosha,Speenden,aspeenden9v@yahoo.co.jp,Suite 86,245-234-3733
357,Drusie,Korpolak,dkorpolak9w@diigo.com,9th Floor,656-160-7523
358,Eryn,Channon,echannon9x@over-blog.com,Suite 80,854-983-9359
359,Beilul,Dossettor,bdossettor9y@github.io,Apt 785,514-342-1989
360,Anny,Moorrud,amoorrud9z@europa.eu,PO Box 20398,167-947-7800
361,Thorny,Gauford,tgauforda0@earthlink.net,Apt 1615,188-165-6224
362,Pyotr,Hazelgreave,phazelgreavea1@creativecommons.org,Apt 1221,358-962-8509
363,Gannon,Muzzini,gmuzzinia2@hatena.ne.jp,Suite 81,242-569-3809
364,Phillis,Baurerich,pbaurericha3@reddit.com,Room 1975,477-258-2156
365,Kaitlin,Leatherborrow,kleatherborrowa4@gravatar.com,Suite 6,682-433-3473
366,Devlen,Sieb,dsieba5@youtu.be,Apt 1914,747-672-2104
367,Ambrosius,Turner,aturnera6@twitpic.com,Suite 6,679-542-0186
368,Leese,Orrey,lorreya7@php.net,20th Floor,952-881-9467
369,Barbey,Tappington,btappingtona8@nih.gov,8th Floor,415-376-6279
370,Aaren,McQuade,amcquadea9@sina.com.cn,Room 534,240-127-3602
371,Neale,Tunnadine,ntunnadineaa@blogs.com,Suite 16,952-956-0672
372,Curry,Wank,cwankab@deviantart.com,Room 1631,460-326-4066
373,Corney,Fidele,cfideleac@eepurl.com,14th Floor,417-644-9753
374,Clari,Lengthorn,clengthornad@digg.com,Room 659,598-797-3923
375,Egon,Waylett,ewaylettae@sohu.com,8th Floor,985-719-1992
376,Denis,Viger,dvigeraf@live.com,PO Box 37778,418-407-6382
377,Isabelita,Dominetti,idominettiag@eventbrite.com,3rd Floor,179-630-3232
378,Vivi,Gretton,vgrettonah@nsw.gov.au,Room 221,958-160-7061
379,Schuyler,Brindle,sbrindleai@ebay.co.uk,PO Box 60162,487-717-3195
380,Shepard,Tytterton,styttertonaj@amazon.com,Suite 8,423-671-6493
381,Guido,Swithenby,gswithenbyak@nifty.com,2nd Floor,920-170-9349
382,Whitby,Joscelin,wjoscelinal@thetimes.co.uk,Suite 57,208-139-7223
383,Lorita,Pymer,lpymeram@nyu.edu,Room 1828,198-427-9755
384,Vikky,Haysham,vhayshaman@cbsnews.com,Suite 100,470-326-5015
385,Gene,Hurlestone,ghurlestoneao@cnet.com,Suite 4,699-127-8533
386,Sharla,Morey,smoreyap@wordpress.com,Room 982,820-562-0180
387,Irma,Snedden,isneddenaq@washington.edu,Room 1713,821-574-4855
388,Blaine,Arnoldi,barnoldiar@businesswire.com,9th Floor,320-355-8639
389,Guntar,Menichino,gmenichinoas@amazon.de,Room 1630,696-419-5563
390,Fayre,Gurney,fgurneyat@xing.com,Suite 79,518-491-6972
391,Tomlin,Hardy,thardyau@army.mil,12th Floor,595-955-6501
392,Margalo,Walklate,mwalklateav@thetimes.co.uk,PO Box 60994,865-570-4944
393,Paddy,Hellwich,phellwichaw@fotki.com,17th Floor,153-449-4003
394,Barde,Baldassi,bbaldassiax@hc360.com,Room 1684,265-110-9440
395,Lamar,Audus,laudusay@princeton.edu,Apt 1849,198-703-0734
396,Amelita,Lissenden,alissendenaz@canalblog.com,PO Box 88598,110-301-4980
397,Woody,Welham,wwelhamb0@businessinsider.com,Apt 850,833-952-9459
398,Cariotta,Rittmeier,crittmeierb1@shop-pro.jp,PO Box 5238,984-871-9517
399,Martin,Couche,mcoucheb2@studiopress.com,Suite 40,702-762-3209
400,Shaughn,Palffrey,spalffreyb3@cnet.com,PO Box 19219,977-453-2216
401,Lewie,Woollin,lwoollinb4@themeforest.net,Suite 38,604-306-3623
402,Evan,Lyness,elynessb5@nifty.com,Suite 49,854-164-2931
403,Valry,Havoc,vhavocb6@biglobe.ne.jp,Room 327,337-415-5882
404,Salvador,Giorgione,sgiorgioneb7@patch.com,PO Box 11734,111-467-3540
405,Alma,Everix,aeverixb8@friendfeed.com,Suite 75,861-150-8908
406,Matilda,Edson,medsonb9@ehow.com,Apt 1720,321-131-2584
407,Richart,Instock,rinstockba@hugedomains.com,Suite 89,912-724-5534
408,Laetitia,Sparrowhawk,lsparrowhawkbb@dailymail.co.uk,Room 1692,706-146-3759
409,Hendrick,Sibery,hsiberybc@ed.gov,Apt 138,886-897-4387
410,Albertine,Tuhy,atuhybd@free.fr,Room 123,602-535-1408
411,Krishna,Claris,kclarisbe@aboutads.info,Suite 77,303-372-4132
412,Celesta,Waby,cwabybf@soundcloud.com,Room 1229,649-266-0668
413,Ferd,Selliman,fsellimanbg@t-online.de,Suite 43,669-559-5529
414,Irene,Gercken,igerckenbh@ustream.tv,1st Floor,110-161-9143
415,Hamlen,Hoyte,hhoytebi@globo.com,Suite 22,513-897-1010
416,Harbert,Sauvain,hsauvainbj@devhub.com,PO Box 68334,463-618-1179
417,Loleta,Pawsey,lpawseybk@nba.com,Apt 1087,345-429-5705
418,Kelbee,Bridell,kbridellbl@naver.com,Room 1593,814-823-8779
419,Bonny,Commusso,bcommussobm@digg.com,PO Box 43059,272-124-4040
420,Carlynne,Denman,cdenmanbn@godaddy.com,Suite 29,207-108-2223
421,Mona,Leveridge,mleveridgebo@europa.eu,3rd Floor,890-783-5925
422,Gabby,Foulgham,gfoulghambp@hibu.com,Apt 698,379-668-3376
423,Jinny,McKernan,jmckernanbq@shop-pro.jp,PO Box 92934,243-312-8669
424,Thacher,McKerrow,tmckerrowbr@bandcamp.com,20th Floor,318-884-4127
425,Ron,Fleote,rfleotebs@e-recht24.de,2nd Floor,375-813-9330
426,Herve,Smickle,hsmicklebt@yelp.com,Apt 547,618-399-1701
427,Tammi,Baldack,tbaldackbu@state.tx.us,Apt 402,239-672-7446
428,Cesare,Smitheman,csmithemanbv@tinypic.com,Apt 1809,378-774-4583
429,Eden,Rilton,eriltonbw@shinystat.com,PO Box 32471,959-967-1025
430,Aprilette,Foort,afoortbx@fotki.com,10th Floor,812-246-8721
431,Kiri,Bunton,kbuntonby@google.nl,Apt 1592,918-114-4239
432,Barbie,Hayesman,bhayesmanbz@odnoklassniki.ru,PO Box 9982,122-881-1791
433,Paloma,Emeline,pemelinec0@ucla.edu,Room 204,470-156-3652
434,Joyan,Megainey,jmegaineyc1@woothemes.com,Suite 19,556-934-7544
435,Roobbie,Swainston,rswainstonc2@instagram.com,Apt 1468,189-909-7959
436,Jaimie,Amori,jamoric3@flickr.com,Suite 67,570-223-8896
437,Roberta,Davison,rdavisonc4@dailymail.co.uk,Suite 50,886-829-6785
438,Sheela,Hailston,shailstonc5@about.com,Suite 19,324-678-3000
439,Winonah,Schultheiss,wschultheissc6@arstechnica.com,Room 523,459-207-1997
440,Cicely,Woodyatt,cwoodyattc7@dagondesign.com,Room 288,441-482-7055
441,Reena,Bellas,rbellasc8@redcross.org,Apt 908,746-128-9015
442,Gertrudis,Mousdall,gmousdallc9@weebly.com,Room 471,276-656-3273
443,Tamarra,Paxforde,tpaxfordeca@liveinternet.ru,PO Box 3276,482-690-1941
444,Kariotta,Winstanley,kwinstanleycb@boston.com,Apt 639,891-143-4276
445,Midge,Danilovich,mdanilovichcc@dedecms.com,Suite 12,392-396-4807
446,Jennie,Aspinal,jaspinalcd@utexas.edu,Room 1510,997-249-6607
447,Hilary,Dunkerley,hdunkerleyce@economist.com,Suite 6,380-947-3961
448,Sherrie,Aloshkin,saloshkincf@scientificamerican.com,PO Box 79570,122-544-4236
449,Danika,Leare,dlearecg@vinaora.com,17th Floor,239-938-7737
450,Jacquetta,Lacaze,jlacazech@tamu.edu,Apt 1383,900-967-6597
451,Stan,Gregore,sgregoreci@wufoo.com,Apt 1394,555-848-9295
452,Jemimah,Hauxwell,jhauxwellcj@spotify.com,PO Box 27056,428-273-7732
453,Angel,Waleworke,awaleworkeck@telegraph.co.uk,Apt 1808,488-520-4943
454,Stevana,Pinkney,spinkneycl@shareasale.com,Apt 493,588-904-7756
455,Teodor,Craighill,tcraighillcm@edublogs.org,Room 749,608-230-0668
456,Flossy,Cullivan,fcullivancn@naver.com,Suite 95,406-304-1948
457,Prince,Ives,pivesco@google.com.au,Apt 1527,180-814-4197
458,Isa,Saffell,isaffellcp@miitbeian.gov.cn,PO Box 31069,893-509-3029
459,Batsheva,De'Ath,bdeathcq@hp.com,Suite 13,271-644-8725
460,Reginald,Gronous,rgronouscr@domainmarket.com,Room 295,262-659-1860
461,Archambault,Mocker,amockercs@tumblr.com,Apt 688,192-728-1097
462,Malvin,Tydd,mtyddct@sphinn.com,PO Box 68048,594-483-7101
463,Katinka,Buesden,kbuesdencu@xing.com,Room 8,749-222-2963
464,Cooper,Puckham,cpuckhamcv@vk.com,Apt 1209,695-285-4928
465,Jorge,Guitte,jguittecw@howstuffworks.com,13th Floor,983-493-4370
466,Natalee,Hunting,nhuntingcx@deliciousdays.com,19th Floor,611-114-7578
467,Meade,Joskowitz,mjoskowitzcy@skyrock.com,14th Floor,748-325-7260
468,Sue,Coney,sconeycz@edublogs.org,PO Box 98233,633-836-6292
469,Amargo,Hawksby,ahawksbyd0@privacy.gov.au,Suite 82,809-272-0706
470,Joleen,Povlsen,jpovlsend1@arizona.edu,Room 1090,913-616-1554
471,Novelia,Rableau,nrableaud2@marriott.com,Room 1701,317-506-0862
472,Ryley,Semens,rsemensd3@jimdo.com,Room 138,966-234-6863
473,Nessi,Keyworth,nkeyworthd4@arizona.edu,Apt 91,836-471-0602
474,Jenine,Oatley,joatleyd5@live.com,PO Box 78791,938-721-7085
475,Gawen,Straw,gstrawd6@umn.edu,Room 410,653-951-5278
476,Rosamund,Bartunek,rbartunekd7@usatoday.com,16th Floor,851-229-6575
477,Sandy,Cohan,scohand8@freewebs.com,13th Floor,599-473-5555
478,Olia,Allwell,oallwelld9@imgur.com,Apt 855,610-195-4674
479,Beret,Langfat,blangfatda@yolasite.com,Apt 863,323-306-3646
480,Pam,Pawlyn,ppawlyndb@cnet.com,Apt 1159,963-904-5103
481,Theobald,Poor,tpoordc@t-online.de,8th Floor,402-759-4353
482,Oliviero,Blazewski,oblazewskidd@sciencedaily.com,Room 1684,935-383-5146
483,Osborne,Mammatt,omammattde@gnu.org,Suite 17,344-442-4201
484,Dorise,Corcoran,dcorcorandf@rediff.com,Apt 1600,725-990-3284
485,Standford,Mulberry,smulberrydg@dailymotion.com,PO Box 58464,790-522-8248
486,Rikki,Snoday,rsnodaydh@bizjournals.com,PO Box 87753,109-991-6547
487,Lanae,Pedwell,lpedwelldi@foxnews.com,Apt 127,617-299-8295
488,Marlo,Brunstan,mbrunstandj@cnn.com,6th Floor,805-797-7507
489,Lorelei,Charrett,lcharrettdk@huffingtonpost.com,Room 520,760-675-5930
490,Fionnula,Ostler,fostlerdl@reddit.com,Room 879,142-168-7447
491,Jeromy,Crush,jcrushdm@telegraph.co.uk,10th Floor,663-958-9530
492,Ludvig,Enns,lennsdn@dot.gov,Room 1066,645-159-8556
493,Price,Janikowski,pjanikowskido@wikimedia.org,Room 961,240-612-8726
494,Flore,Eyre,feyredp@microsoft.com,Apt 150,504-443-2665
495,Luisa,Joel,ljoeldq@gizmodo.com,Room 601,262-826-9151
496,Brendan,Povlsen,bpovlsendr@163.com,7th Floor,225-851-5202
497,Portie,Birdseye,pbirdseyeds@hatena.ne.jp,Apt 1936,639-868-8505
498,Nathalie,Palfree,npalfreedt@exblog.jp,Suite 28,718-171-4095
499,Abbie,Willgoose,awillgoosedu@wunderground.com,Apt 380,787-357-3718
500,Dyann,Shreeve,dshreevedv@china.com.cn,PO Box 42647,684-475-3910
501,Fianna,O'Donnell,fodonnelldw@surveymonkey.com,Room 226,118-110-4198
502,Willow,Tracy,wtracydx@homestead.com,Apt 1918,736-797-7962
503,Cicely,Campaigne,ccampaignedy@google.com,Suite 36,512-113-6894
504,Papageno,Simper,psimperdz@loc.gov,Suite 67,452-884-6864
505,Debera,McCloughen,dmccloughene0@va.gov,Suite 23,663-210-5334
506,Del,Stonestreet,dstonestreete1@rambler.ru,Room 1757,916-330-7741
507,Cindie,McEntee,cmcenteee2@mit.edu,PO Box 88122,425-726-0352
508,Gabriellia,Brockway,gbrockwaye3@csmonitor.com,Suite 1,260-823-4691
509,Sydelle,Worsfold,sworsfolde4@wunderground.com,Room 923,756-776-0525
510,Emily,Yushin,eyushine5@chronoengine.com,Room 1528,888-497-5781
511,Chrystel,Brusby,cbrusbye6@geocities.com,Apt 1348,960-346-4475
512,Teodoro,Pitblado,tpitbladoe7@bigcartel.com,Room 571,893-934-6912
513,Shermy,Rickersey,srickerseye8@simplemachines.org,Apt 804,113-370-4433
514,Sloane,Aucourte,saucourtee9@sphinn.com,Suite 52,946-911-2213
515,Lodovico,Moynihan,lmoynihanea@ning.com,3rd Floor,250-435-7880
516,Vincenty,Rippingale,vrippingaleeb@naver.com,PO Box 29016,349-838-7952
517,Nanete,Woolager,nwoolagerec@home.pl,Room 490,127-245-4520
518,Birgit,Lago,blagoed@360.cn,PO Box 98167,394-293-9151
519,Far,Fawlkes,ffawlkesee@prlog.org,PO Box 4510,531-162-9155
520,Nicky,Cray,ncrayef@taobao.com,PO Box 39956,729-231-7922
521,Hyacintha,Dmitriev,hdmitrieveg@github.com,PO Box 27354,427-690-1890
522,Ursala,Brooke,ubrookeeh@1688.com,Apt 1587,491-573-6824
523,Onida,Albin,oalbinei@ucoz.com,18th Floor,483-215-2070
524,Leigha,Ivankov,livankovej@prlog.org,Room 1617,568-169-5848
525,Demott,Donet,ddonetek@nbcnews.com,6th Floor,639-501-4302
526,Manda,De la Yglesia,mdelayglesiael@vkontakte.ru,Room 714,630-419-5225
527,Jermaine,Whieldon,jwhieldonem@sina.com.cn,PO Box 13595,112-767-1966
528,Lars,Ilyinykh,lilyinykhen@reddit.com,PO Box 59934,840-465-9708
529,Alfredo,Gecke,ageckeeo@cnn.com,Apt 1595,754-484-4259
530,Cash,Purves,cpurvesep@washington.edu,Apt 1524,601-937-7382
531,Emmit,Lancaster,elancastereq@goo.ne.jp,Apt 1120,869-535-6656
532,Abigael,Rosendorf,arosendorfer@cnbc.com,Apt 1052,745-542-6721
533,Padget,Tromans,ptromanses@blog.com,Apt 826,294-787-6380
534,Rebecca,Sly,rslyet@live.com,Suite 34,268-693-0909
535,Kimberlyn,Vigours,kvigourseu@va.gov,PO Box 40337,961-795-1256
536,Jerrine,Mancktelow,jmancktelowev@odnoklassniki.ru,10th Floor,128-544-8868
537,Arvie,Ciotto,aciottoew@behance.net,Room 1090,692-939-8532
538,Jacklyn,Boliver,jboliverex@cisco.com,PO Box 96753,964-740-3679
539,Cale,Perico,cpericoey@gmpg.org,Apt 49,787-488-0086
540,Gypsy,Janzen,gjanzenez@toplist.cz,9th Floor,720-893-2198
541,Nikolai,McMichael,nmcmichaelf0@4shared.com,Room 1606,539-332-9386
542,Lancelot,Stimson,lstimsonf1@webnode.com,12th Floor,404-691-1457
543,Minda,McLennan,mmclennanf2@bloglines.com,Apt 468,367-993-6114
544,Jarvis,Kedslie,jkedslief3@ebay.com,Suite 27,291-309-8485
545,Kellsie,Swett,kswettf4@etsy.com,PO Box 3715,450-501-9034
546,Katha,Shakspeare,kshakspearef5@github.io,PO Box 13004,166-102-2092
547,Sheila-kathryn,Gleave,sgleavef6@google.co.uk,PO Box 52957,238-974-3611
548,Dell,Creed,dcreedf7@nymag.com,16th Floor,794-564-1209
549,Anabal,Saunier,asaunierf8@blogtalkradio.com,13th Floor,501-558-7545
550,Andeee,Currum,acurrumf9@creativecommons.org,PO Box 84142,947-993-6858
551,Nealy,MacGillavery,nmacgillaveryfa@boston.com,Room 298,323-915-6174
552,Myca,Gunderson,mgundersonfb@tamu.edu,Apt 1088,748-732-3163
553,Mason,Knight,mknightfc@ed.gov,Apt 54,376-643-5554
554,Anabelle,Cardis,acardisfd@cdc.gov,18th Floor,172-339-8985
555,Vernor,Blazej,vblazejfe@biglobe.ne.jp,PO Box 42015,918-130-4168
556,Aubrey,Emmerson,aemmersonff@engadget.com,17th Floor,797-154-5944
557,Ethel,Moseley,emoseleyfg@histats.com,Suite 39,667-383-6028
558,Paige,Edwicker,pedwickerfh@google.co.uk,PO Box 729,300-350-0105
559,Becka,Hunnicutt,bhunnicuttfi@purevolume.com,Room 1926,246-242-5390
560,Gary,Rodson,grodsonfj@who.int,18th Floor,624-525-5875
561,Rafe,Grut,rgrutfk@yahoo.com,PO Box 43319,475-355-7803
562,Allegra,Kirkman,akirkmanfl@about.me,11th Floor,927-316-9187
563,Janetta,Catmull,jcatmullfm@domainmarket.com,Suite 30,274-642-9192
564,Irvin,Novill,inovillfn@noaa.gov,Room 1759,924-869-5175
565,Seamus,MacKimmie,smackimmiefo@dmoz.org,12th Floor,766-356-9170
566,Manon,Whatmough,mwhatmoughfp@tinyurl.com,Room 1296,656-441-0417
567,Lockwood,Osmon,losmonfq@bbc.co.uk,Apt 645,338-621-5596
568,Bald,Howse,bhowsefr@census.gov,11th Floor,132-364-2708
569,Wilmette,Kornousek,wkornousekfs@themeforest.net,Suite 67,592-905-0793
570,Pall,Pendred,ppendredft@eepurl.com,Suite 6,122-173-8419
571,Kennett,Gillings,kgillingsfu@umich.edu,2nd Floor,718-723-1959
572,Lizette,Gierok,lgierokfv@businessinsider.com,Suite 29,678-563-4098
573,Cristina,Torrese,ctorresefw@blogtalkradio.com,Suite 29,802-110-5834
574,Elvin,Elvins,eelvinsfx@gmpg.org,PO Box 29353,291-345-3792
575,Johannes,Castanaga,jcastanagafy@cbsnews.com,PO Box 6901,521-474-6520
576,Amitie,Shelvey,ashelveyfz@plala.or.jp,11th Floor,318-497-9399
577,Erek,Sang,esangg0@ocn.ne.jp,Room 142,833-877-7188
578,Tammy,Petrenko,tpetrenkog1@tiny.cc,Suite 1,192-738-9964
579,Cassius,Keyson,ckeysong2@yale.edu,Room 842,379-329-7718
580,Penny,Orts,portsg3@domainmarket.com,Suite 59,615-860-8838
581,Ely,Hutchin,ehutching4@hao123.com,Suite 22,601-679-3450
582,Ezra,Badby,ebadbyg5@bluehost.com,Suite 74,873-434-1047
583,Car,Desmond,cdesmondg6@scribd.com,Suite 22,107-220-7030
584,Darlene,Boggs,dboggsg7@eventbrite.com,Suite 63,363-774-3259
585,Marguerite,Idel,midelg8@dion.ne.jp,Room 612,584-146-6490
586,Eloisa,Sleit,esleitg9@jalbum.net,Suite 78,727-304-3691
587,Bernard,Sansum,bsansumga@virginia.edu,Apt 406,213-653-9535
588,Aurea,Waber,awabergb@smugmug.com,Suite 98,753-169-9750
589,Auberta,Dedney,adedneygc@ask.com,4th Floor,992-963-9109
590,Sal,Berrigan,sberrigangd@dagondesign.com,4th Floor,849-217-6916
591,Winna,Thompsett,wthompsettge@imdb.com,17th Floor,634-103-3742
592,Benjie,Clacson,bclacsongf@pen.io,Apt 560,163-577-8702
593,Virgil,Annand,vannandgg@sun.com,12th Floor,884-675-0590
594,Dorene,Masterman,dmastermangh@trellian.com,Room 76,797-854-9328
595,Marya,Greatland,mgreatlandgi@cdbaby.com,PO Box 98326,366-285-1545
596,Pail,Tiebe,ptiebegj@unblog.fr,Apt 1170,813-120-5113
597,Jeff,Sisley,jsisleygk@mozilla.org,12th Floor,587-205-5954
598,Elnar,Weinberg,eweinberggl@usatoday.com,PO Box 52044,609-429-7495
599,Courtnay,Coverdill,ccoverdillgm@prweb.com,Apt 254,149-692-8262
600,Anabal,O'Kerin,aokeringn@hao123.com,2nd Floor,795-438-3253
601,Daniella,Strangwood,dstrangwoodgo@theguardian.com,Room 927,323-197-6830
602,Lilith,Frary,lfrarygp@ucoz.ru,Apt 1889,105-439-7584
603,Delphinia,Vanelli,dvanelligq@joomla.org,Apt 959,253-331-8759
604,Jsandye,Kowalski,jkowalskigr@virginia.edu,PO Box 21783,499-554-4433
605,Shelden,Sermin,ssermings@trellian.com,Apt 158,934-218-6814
606,Ruthann,Du Hamel,rduhamelgt@biblegateway.com,20th Floor,902-423-7716
607,Farrand,Parysiak,fparysiakgu@loc.gov,1st Floor,973-478-5096
608,Wynne,Foan,wfoangv@blogtalkradio.com,Suite 41,971-298-8974
609,Noel,Oakman,noakmangw@bbc.co.uk,Room 673,620-970-1626
610,Noell,Fitzmaurice,nfitzmauricegx@webmd.com,Room 1538,156-723-8637
611,Laurianne,Tabourier,ltabouriergy@xinhuanet.com,Room 1360,405-524-9889
612,Moria,Wingate,mwingategz@t-online.de,PO Box 8305,217-125-4579
613,Eachelle,Storrah,estorrahh0@tiny.cc,Suite 16,864-938-0117
614,Town,Kneebone,tkneeboneh1@weather.com,18th Floor,717-235-6868
615,Stearne,Gerner,sgernerh2@ehow.com,Suite 23,762-980-7684
616,Arty,Mc Caughen,amccaughenh3@last.fm,Suite 94,431-346-1785
617,Myrle,Cahn,mcahnh4@tripod.com,Apt 1818,846-931-6659
618,Faulkner,Matushevitz,fmatushevitzh5@php.net,PO Box 19392,904-785-4237
619,Minette,Gainor,mgainorh6@geocities.com,12th Floor,925-337-7401
620,Shalna,Rosensaft,srosensafth7@cdc.gov,Room 453,505-445-3311
621,Charlton,Triswell,ctriswellh8@example.com,7th Floor,399-899-2778
622,Moise,Teresa,mteresah9@nydailynews.com,Room 214,439-294-1249
623,Leshia,Sketh,lskethha@cargocollective.com,PO Box 28236,316-176-8481
624,Lucien,Eicke,leickehb@prlog.org,Apt 958,981-336-9669
625,Bettina,Guidetti,bguidettihc@yahoo.com,PO Box 27640,810-466-1021
626,Winny,McAne,wmcanehd@alexa.com,20th Floor,687-771-1831
627,Valida,Merriott,vmerriotthe@purevolume.com,10th Floor,380-593-0822
628,Bryce,Cary,bcaryhf@tuttocitta.it,Apt 722,781-900-8907
629,Jackie,Ridolfi,jridolfihg@csmonitor.com,Room 1990,989-978-6002
630,Rochester,Fitzsimon,rfitzsimonhh@wikia.com,20th Floor,581-952-6935
631,Janel,Yate,jyatehi@utexas.edu,15th Floor,236-446-4037
632,Mavra,Border,mborderhj@ifeng.com,Suite 12,124-590-7950
633,Helli,Drinkall,hdrinkallhk@sciencedirect.com,Room 180,694-816-4965
634,Linn,Gertz,lgertzhl@sciencedaily.com,PO Box 49858,939-934-6844
635,Isahella,Tibald,itibaldhm@guardian.co.uk,9th Floor,609-363-1891
636,Carlin,Coom,ccoomhn@livejournal.com,Suite 55,526-753-6870
637,Harland,Colaco,hcolacoho@ehow.com,13th Floor,785-422-1436
638,Ethel,Deer,edeerhp@macromedia.com,20th Floor,492-986-2043
639,Beth,Ryhorovich,bryhorovichhq@baidu.com,Suite 66,119-327-3014
640,Silvio,Lomb,slombhr@cocolog-nifty.com,Apt 1859,312-529-9695
641,Chandra,Creber,ccreberhs@theglobeandmail.com,16th Floor,784-967-4083
642,Sigrid,Espinosa,sespinosaht@free.fr,Apt 810,703-678-9791
643,Crissie,Ovise,covisehu@ezinearticles.com,Room 339,380-172-4311
644,Devon,McCuaig,dmccuaighv@newyorker.com,Apt 1719,966-998-5207
645,Marley,Blinerman,mblinermanhw@earthlink.net,Room 1146,277-439-6971
646,Dareen,Kinnen,dkinnenhx@livejournal.com,Room 1258,177-518-3410
647,Jordanna,Iiannoni,jiiannonihy@adobe.com,3rd Floor,371-291-8136
648,Gale,Bennike,gbennikehz@ed.gov,PO Box 71371,721-915-7659
649,Cinderella,Stirzaker,cstirzakeri0@statcounter.com,PO Box 83486,133-346-5862
650,Reese,Danielski,rdanielskii1@amazon.com,Room 215,392-273-3730
651,Fran,Kohring,fkohringi2@europa.eu,PO Box 29192,354-790-0857
652,Percy,Jakoub,pjakoubi3@ted.com,Room 1293,596-829-8246
653,Vaughn,Chadwick,vchadwicki4@php.net,19th Floor,877-579-1440
654,Gizela,Hagyard,ghagyardi5@deviantart.com,Room 1071,182-523-6486
655,Dane,Figiovanni,dfigiovannii6@berkeley.edu,Apt 873,650-104-2117
656,Angela,Aldie,aaldiei7@nih.gov,8th Floor,352-247-4955
657,Cassius,Brabham,cbrabhami8@google.com.au,Room 3,837-285-4420
658,Wynne,Livett,wlivetti9@about.me,PO Box 35880,229-612-3560
659,Trisha,Landes,tlandesia@dailymail.co.uk,9th Floor,426-307-2815
660,Cathy,Mahony,cmahonyib@usnews.com,Suite 97,411-509-2082
661,Dodie,Klicher,dklicheric@nydailynews.com,Apt 882,727-543-8681
662,Benito,Latore,blatoreid@cam.ac.uk,PO Box 25546,642-709-5321
663,Levon,Sarjeant,lsarjeantie@theglobeandmail.com,13th Floor,359-353-0817
664,Ali,Blanchet,ablanchetif@artisteer.com,Suite 18,434-367-6552
665,Brittani,Martensen,bmartensenig@blogspot.com,PO Box 20483,792-527-3916
666,Corbett,Mattiessen,cmattiessenih@nationalgeographic.com,Room 168,481-251-7724
667,Ginger,Senter,gsenterii@bbb.org,Suite 77,674-421-9939
668,Gussy,Erdes,gerdesij@g.co,Suite 61,542-198-7022
669,Cliff,Courtonne,ccourtonneik@shinystat.com,1st Floor,165-888-7313
670,Yurik,Theseira,ytheseirail@ucsd.edu,Suite 92,794-231-3150
671,Alphonse,Thornewell,athornewellim@phpbb.com,5th Floor,166-246-6546
672,Mirella,Scoullar,mscoullarin@github.io,PO Box 81574,953-934-8193
673,Charla,Ivannikov,civannikovio@gov.uk,Suite 89,122-283-3350
674,Holly,Sarney,hsarneyip@wikia.com,PO Box 47782,879-615-7026
675,Angus,Chaudret,achaudretiq@ebay.com,15th Floor,977-184-2291
676,Berrie,Martini,bmartiniir@reuters.com,PO Box 84394,491-150-7621
677,Charlotte,Tyrie,ctyrieis@cornell.edu,PO Box 50128,159-432-0142
678,Emory,Freake,efreakeit@mapquest.com,Room 447,779-570-3055
679,Nyssa,Littlemore,nlittlemoreiu@lycos.com,18th Floor,254-721-2153
680,Harli,Bamsey,hbamseyiv@ycombinator.com,13th Floor,781-858-2022
681,Eirena,Jayne,ejayneiw@sina.com.cn,PO Box 95190,251-758-6471
682,Estel,Fink,efinkix@hostgator.com,Apt 377,813-756-0548
683,Sheila-kathryn,Baude,sbaudeiy@msn.com,Suite 71,285-175-5606
684,Magdalen,Branno,mbrannoiz@purevolume.com,Apt 1477,513-315-2213
685,Rossie,Ellingworth,rellingworthj0@ed.gov,Suite 90,464-724-2233
686,Lani,Furst,lfurstj1@latimes.com,4th Floor,797-641-8881
687,Matilde,Plumridge,mplumridgej2@linkedin.com,Apt 854,304-382-9168
688,Rhetta,McGahy,rmcgahyj3@google.com,PO Box 99986,635-717-7681
689,Gabby,Gooderidge,ggooderidgej4@ucla.edu,Room 663,961-254-9772
690,Angele,Jasik,ajasikj5@aboutads.info,4th Floor,790-562-8431
691,Lay,Duesberry,lduesberryj6@cafepress.com,Apt 1500,995-868-4361
692,Carver,Hadlow,chadlowj7@sciencedirect.com,PO Box 96849,541-357-4290
693,Roseanna,Ellingham,rellinghamj8@china.com.cn,PO Box 51603,298-294-5518
694,Wilhelmine,Wesson,wwessonj9@senate.gov,PO Box 67499,292-414-9765
695,Duffy,Maleney,dmaleneyja@youtu.be,1st Floor,657-476-6446
696,Jamie,Culy,jculyjb@ebay.co.uk,2nd Floor,972-942-6156
697,Brinn,Tomsen,btomsenjc@netvibes.com,Suite 49,252-191-5707
698,Emalia,Simoncini,esimoncinijd@samsung.com,PO Box 18990,768-494-0801
699,Sari,Worthington,sworthingtonje@vimeo.com,Apt 346,292-943-8454
700,Lionello,Bloxsom,lbloxsomjf@npr.org,Room 1215,713-269-3633
701,Conroy,Henlon,chenlonjg@vk.com,Apt 1529,572-338-4683
702,Domenico,Stansall,dstansalljh@abc.net.au,Suite 54,304-462-3333
703,Candy,Burnsell,cburnsellji@artisteer.com,16th Floor,132-499-0079
704,Gerri,Dohrmann,gdohrmannjj@zimbio.com,PO Box 42258,565-402-8896
705,Tabby,Le Houx,tlehouxjk@ezinearticles.com,Apt 922,970-301-4466
706,Evelyn,Langhorne,elanghornejl@cdbaby.com,15th Floor,686-995-5811
707,Kelcie,Jadczak,kjadczakjm@dagondesign.com,Suite 76,494-316-4219
708,Berna,Beddard,bbeddardjn@odnoklassniki.ru,PO Box 77104,836-865-3994
709,Meredith,Farfalameev,mfarfalameevjo@bandcamp.com,PO Box 81406,921-149-1616
710,Gertie,Beggini,gbegginijp@ucsd.edu,PO Box 62391,752-386-6024
711,Lucie,Goucher,lgoucherjq@addtoany.com,19th Floor,193-988-1438
712,Terrie,Phython,tphythonjr@unc.edu,Room 791,944-536-0925
713,Hermia,Keese,hkeesejs@icio.us,Suite 48,632-158-6334
714,Eden,Daglish,edaglishjt@webs.com,10th Floor,514-434-5433
715,Cara,Resun,cresunju@yellowpages.com,5th Floor,489-907-9501
716,Gwendolin,Gideon,ggideonjv@alexa.com,3rd Floor,888-336-5375
717,Felipa,Tribbeck,ftribbeckjw@icio.us,Room 346,888-471-4556
718,Derby,Ruecastle,druecastlejx@macromedia.com,PO Box 43562,380-685-5792
719,Halie,Pountain,hpountainjy@plala.or.jp,Suite 64,803-216-6792
720,Ashlin,Doornbos,adoornbosjz@samsung.com,Apt 125,824-717-5925
721,Griffie,Hearl,ghearlk0@google.com.hk,Apt 379,181-525-4008
722,Cilka,Faber,cfaberk1@unc.edu,PO Box 90429,959-828-6758
723,Emalia,Amsden,eamsdenk2@hc360.com,Apt 1263,592-970-3295
724,Alberta,Bignold,abignoldk3@tmall.com,Room 1935,865-453-5140
725,Karlen,Toffaloni,ktoffalonik4@comcast.net,PO Box 81150,735-610-0666
726,Byrom,Morritt,bmorrittk5@china.com.cn,Room 1141,105-238-7103
727,Rolf,Grice,rgricek6@craigslist.org,Room 976,284-576-5327
728,Benni,O'Mara,bomarak7@cbslocal.com,Apt 1975,380-205-2259
729,Andriana,Atkin,aatkink8@pagesperso-orange.fr,Suite 21,520-408-6683
730,Nelly,Pinnegar,npinnegark9@nbcnews.com,Room 161,881-572-7572
731,Ysabel,Jesty,yjestyka@sbwire.com,PO Box 59181,729-338-0185
732,Briny,Matyasik,bmatyasikkb@dmoz.org,Room 246,502-746-6215
733,Eve,Bailess,ebailesskc@wiley.com,Apt 1706,786-676-5057
734,Bonnibelle,Rignall,brignallkd@telegraph.co.uk,Room 1585,507-306-4853
735,Ailene,Sprigging,aspriggingke@de.vu,Suite 23,638-866-2452
736,Flore,Spiby,fspibykf@diigo.com,Apt 491,157-644-8764
737,Kellby,Sudron,ksudronkg@infoseek.co.jp,Suite 28,374-103-2489
738,Kessia,Sarjent,ksarjentkh@google.nl,Suite 46,431-212-0136
739,Xever,Pearson,xpearsonki@bing.com,4th Floor,703-971-9994
740,Taddeusz,Belmont,tbelmontkj@harvard.edu,9th Floor,403-212-8534
741,Otho,Rannells,orannellskk@blogs.com,Suite 96,342-652-7257
742,Lenci,Batcock,lbatcockkl@loc.gov,Apt 530,378-336-3942
743,Minerva,Chiverstone,mchiverstonekm@fema.gov,Room 1863,225-230-1837
744,Harland,Hessay,hhessaykn@usnews.com,Apt 95,704-767-7927
745,Lyndsey,Mahomet,lmahometko@dagondesign.com,Suite 37,552-512-5491
746,Mata,Deeney,mdeeneykp@discuz.net,Room 1740,679-271-3989
747,Sylvester,Hoffman,shoffmankq@friendfeed.com,PO Box 61934,315-155-8140
748,Tonia,Morratt,tmorrattkr@shutterfly.com,Suite 45,798-499-0776
749,Stephi,Vedeniktov,svedeniktovks@aboutads.info,Room 1204,610-841-4403
750,Isaak,Ewins,iewinskt@technorati.com,Suite 67,451-952-2426
751,Blayne,Payton,bpaytonku@ca.gov,PO Box 77545,902-393-6545
752,Therine,Gilhouley,tgilhouleykv@trellian.com,Suite 18,769-934-9046
753,Deeanne,Garrand,dgarrandkw@ocn.ne.jp,Apt 407,690-788-2911
754,Selma,Boorne,sboornekx@ning.com,Suite 63,816-399-1251
755,Amos,Brum,abrumky@washington.edu,PO Box 39356,359-234-2009
756,Wyatt,Manvell,wmanvellkz@nytimes.com,PO Box 47047,829-290-4335
757,Carmon,Sawfoot,csawfootl0@php.net,Room 718,683-718-8617
758,Cairistiona,Blunkett,cblunkettl1@bizjournals.com,15th Floor,901-158-5020
759,Boycie,Huggens,bhuggensl2@symantec.com,7th Floor,649-201-6344
760,Maggi,Kobierski,mkobierskil3@shinystat.com,Suite 71,836-179-8632
761,Sandor,Laidler,slaidlerl4@angelfire.com,Apt 109,492-295-0185
762,Mischa,Fellgatt,mfellgattl5@ebay.com,Apt 1987,831-514-4365
763,Kareem,Kwietak,kkwietakl6@google.com.hk,PO Box 49727,773-919-5570
764,Roderigo,Dickon,rdickonl7@spiegel.de,Suite 53,981-312-2575
765,Meir,Caroll,mcarolll8@theguardian.com,Apt 1688,513-748-9943
766,Ryan,Adkins,radkinsl9@amazon.co.uk,Apt 1717,819-201-7616
767,Davey,Matignon,dmatignonla@nytimes.com,Apt 750,294-462-5394
768,Regina,Heball,rheballlb@networkadvertising.org,PO Box 97944,545-927-2251
769,Ferne,Woolaghan,fwoolaghanlc@flickr.com,Room 1327,796-701-3839
770,Galvan,Huson,ghusonld@mit.edu,Suite 28,283-299-2581
771,Taylor,Wilsee,twilseele@google.com.au,Room 142,395-839-5120
772,Rowen,Rubery,rruberylf@reuters.com,Room 222,663-227-4940
773,Isaac,Younger,iyoungerlg@epa.gov,PO Box 54021,692-241-4044
774,Barney,Lutman,blutmanlh@myspace.com,7th Floor,385-956-6610
775,Katerina,Comolli,kcomollili@google.cn,PO Box 86491,250-436-9362
776,Garth,Maylor,gmaylorlj@stanford.edu,5th Floor,975-768-3502
777,Brier,Plover,bploverlk@infoseek.co.jp,Suite 54,473-701-2572
778,Dulce,Tohill,dtohillll@hud.gov,Room 717,721-986-8733
779,Joshuah,Coxall,jcoxalllm@reference.com,Apt 456,857-694-0294
780,Anthe,Antognelli,aantognelliln@samsung.com,15th Floor,624-667-7438
781,Alayne,Bury,aburylo@barnesandnoble.com,Suite 46,858-946-1276
782,Ninnette,Newens,nnewenslp@fc2.com,Suite 37,913-520-9844
783,Xerxes,Bye,xbyelq@qq.com,Room 1873,988-282-7767
784,Evita,Golda,egoldalr@xrea.com,PO Box 89078,125-676-2517
785,Alfy,Worledge,aworledgels@elegantthemes.com,PO Box 82947,932-296-4641
786,Sioux,Solan,ssolanlt@com.com,Apt 643,122-557-0395
787,Udall,Murrock,umurrocklu@edublogs.org,Suite 98,318-870-6796
788,Colman,Kestle,ckestlelv@apple.com,Suite 70,512-788-6105
789,Alvira,Dagworthy,adagworthylw@reference.com,PO Box 16259,149-573-6716
790,Koressa,Kilkenny,kkilkennylx@yellowpages.com,PO Box 44275,920-556-7048
791,Percy,Lahive,plahively@wired.com,19th Floor,760-352-6166
792,Julio,Schust,jschustlz@mysql.com,PO Box 28143,115-312-4450
793,Sigfried,Pryke,sprykem0@moonfruit.com,Room 1266,688-829-1353
794,Carena,Haddington,chaddingtonm1@ameblo.jp,Suite 72,723-675-5916
795,Nickolas,Housecroft,nhousecroftm2@google.ru,16th Floor,954-518-0989
796,Ignatius,Trenchard,itrenchardm3@lulu.com,Room 1231,726-258-2290
797,Hastie,Luigi,hluigim4@soup.io,Suite 6,397-121-5853
798,Reena,Thornbarrow,rthornbarrowm5@bloglines.com,Apt 1787,873-973-1706
799,Gawain,Shoemark,gshoemarkm6@blinklist.com,Suite 89,330-922-3188
800,Emilia,Sandeland,esandelandm7@ning.com,Room 1512,226-808-1686
801,Ronda,Meek,rmeekm8@harvard.edu,Apt 263,770-931-9158
802,Quillan,Keele,qkeelem9@livejournal.com,4th Floor,730-976-3874
803,Willis,Barbera,wbarberama@examiner.com,PO Box 87220,900-641-3008
804,Bryant,Ogglebie,bogglebiemb@twitpic.com,Suite 66,678-802-8000
805,Luca,Lechmere,llechmeremc@imageshack.us,Room 1428,603-504-1644
806,Gail,Sherwell,gsherwellmd@nymag.com,PO Box 4902,235-181-8831
807,Gerry,Gussin,ggussinme@webmd.com,PO Box 26600,299-480-6616
808,Trudy,D' Angelo,tdangelomf@sina.com.cn,PO Box 71260,620-686-7132
809,Cassey,Abbitt,cabbittmg@usnews.com,Apt 699,173-885-7440
810,Gawain,Albarez,galbarezmh@reuters.com,19th Floor,615-645-3996
811,Bria,McLucas,bmclucasmi@vistaprint.com,Suite 100,112-980-4536
812,Rafaelita,Mylchreest,rmylchreestmj@rediff.com,Room 966,853-635-7993
813,Vlad,Seiler,vseilermk@discovery.com,Suite 50,629-783-5525
814,Karena,Double,kdoubleml@webnode.com,PO Box 65178,831-683-8313
815,Ryley,Turfrey,rturfreymm@elegantthemes.com,PO Box 75618,813-702-0637
816,Reidar,Drance,rdrancemn@discovery.com,15th Floor,323-451-6295
817,Atlanta,Mahon,amahonmo@chicagotribune.com,PO Box 87050,774-182-8814
818,Zebedee,Reneke,zrenekemp@illinois.edu,PO Box 53604,879-769-1355
819,Kerwin,Readwing,kreadwingmq@about.me,Apt 1151,123-947-0289
820,Tiffy,Cumberbatch,tcumberbatchmr@dyndns.org,PO Box 20951,297-709-5330
821,Hymie,Inch,hinchms@nih.gov,Apt 1242,812-658-1043
822,Harlie,MacAleese,hmacaleesemt@narod.ru,PO Box 80125,976-634-7783
823,Cassey,Thomazet,cthomazetmu@github.com,Room 1517,425-515-9213
824,Cristine,Shacklady,cshackladymv@weebly.com,18th Floor,251-705-9350
825,Kevan,Rheaume,krheaumemw@geocities.jp,Apt 1841,681-608-0184
826,Tasha,Messum,tmessummx@prlog.org,Apt 1094,571-247-7025
827,Bronson,Maxsted,bmaxstedmy@wp.com,PO Box 28221,681-724-8615
828,Lorene,Pautard,lpautardmz@yellowbook.com,Room 1947,243-398-4124
829,Cull,Greenrod,cgreenrodn0@multiply.com,Apt 1420,400-160-0587
830,Benjy,Genny,bgennyn1@skyrock.com,PO Box 38761,428-651-6448
831,Antonio,Darth,adarthn2@goodreads.com,Suite 30,605-341-5251
832,Norah,Ellwand,nellwandn3@hostgator.com,18th Floor,876-527-5930
833,Daniella,Chamley,dchamleyn4@webs.com,PO Box 65668,966-581-1227
834,Marguerite,Kingzett,mkingzettn5@columbia.edu,PO Box 25717,531-361-4495
835,Walden,Darinton,wdarintonn6@multiply.com,14th Floor,829-696-6356
836,Murray,Winkell,mwinkelln7@themeforest.net,12th Floor,278-910-4999
837,Gladys,Speedy,gspeedyn8@about.me,Room 1808,455-215-7470
838,Osgood,Ferrick,oferrickn9@discovery.com,16th Floor,447-448-8877
839,Lanae,Stapleford,lstaplefordna@geocities.com,Room 1862,306-185-0396
840,Cherilynn,Blincowe,cblincowenb@friendfeed.com,Room 621,638-689-6446
841,Stefanie,Anwyl,sanwylnc@newsvine.com,Suite 23,557-864-2409
842,Elwyn,Sackett,esackettnd@youku.com,4th Floor,507-295-7426
843,Garrot,Edworthy,gedworthyne@fc2.com,PO Box 20098,704-598-9034
844,Merline,Talton,mtaltonnf@toplist.cz,Apt 1725,879-959-7288
845,Alana,Kirkwood,akirkwoodng@1688.com,Suite 95,453-489-7781
846,Valaree,Krol,vkrolnh@google.pl,Apt 1995,305-124-9080
847,Florance,Benoix,fbenoixni@dion.ne.jp,Room 1271,850-163-2747
848,Boony,Lanfare,blanfarenj@biblegateway.com,Room 870,815-567-0302
849,Cody,Brezlaw,cbrezlawnk@prweb.com,Apt 1325,732-508-0771
850,Agata,Speeks,aspeeksnl@wiley.com,Suite 79,844-584-0658
851,Leeanne,Elflain,lelflainnm@wsj.com,10th Floor,279-388-4357
852,Lambert,Druce,ldrucenn@mtv.com,Room 1192,884-768-0421
853,Idell,Sidebotton,isidebottonno@google.es,PO Box 98345,673-400-7255
854,Rosalinda,Weakley,rweakleynp@yellowbook.com,PO Box 32116,919-172-0865
855,Paco,Sultan,psultannq@intel.com,PO Box 67518,164-738-1472
856,Corry,Betts,cbettsnr@nbcnews.com,18th Floor,316-167-5476
857,Heida,Mingame,hmingamens@feedburner.com,Suite 67,754-733-8686
858,Kameko,Avrahm,kavrahmnt@statcounter.com,Apt 1566,419-862-9957
859,Horatia,Kennaird,hkennairdnu@cnbc.com,19th Floor,478-510-2971
860,Karoly,Wiles,kwilesnv@qq.com,Apt 571,376-392-3352
861,Kala,Gulc,kgulcnw@purevolume.com,Suite 86,942-682-3355
862,Sampson,Reinhardt,sreinhardtnx@hibu.com,Suite 1,920-268-7810
863,Malina,Harding,mhardingny@jalbum.net,Apt 663,291-743-7082
864,Guss,Tuffey,gtuffeynz@yahoo.co.jp,13th Floor,227-244-5079
865,Melanie,Mallia,mmalliao0@gnu.org,Apt 1919,419-313-3309
866,Idette,MacFaell,imacfaello1@shareasale.com,6th Floor,811-867-5187
867,Tamas,Bruntje,tbruntjeo2@ihg.com,Apt 1305,462-282-5511
868,Filippa,Perone,fperoneo3@simplemachines.org,Room 727,229-711-0329
869,Lana,Skitt,lskitto4@eventbrite.com,Room 1277,796-745-9184
870,Ingram,Seggie,iseggieo5@europa.eu,Suite 35,829-906-3167
871,Arlina,Iskow,aiskowo6@eepurl.com,Room 1416,641-666-0648
872,Lyn,Lamberto,llambertoo7@nbcnews.com,8th Floor,968-721-5382
873,Con,Dunsleve,cdunsleveo8@independent.co.uk,Room 1561,728-417-3159
874,Mayne,Qusklay,mqusklayo9@cbsnews.com,Apt 216,571-629-4364
875,Ollie,Gorioli,ogoriolioa@ocn.ne.jp,Suite 13,879-457-6350
876,Burke,Ife,bifeob@cnet.com,PO Box 78214,627-600-3518
877,Blisse,Hurrion,bhurrionoc@live.com,PO Box 23272,552-712-8938
878,Angie,Carnduff,acarnduffod@photobucket.com,Suite 24,632-491-9672
879,Gwenora,Gate,ggateoe@hao123.com,10th Floor,678-789-3797
880,Enoch,Desmond,edesmondof@accuweather.com,Suite 12,496-866-9312
881,Dinnie,Smeath,dsmeathog@wordpress.com,PO Box 74609,426-738-9990
882,Melita,Daoust,mdaoustoh@geocities.com,PO Box 57172,900-377-3533
883,Loren,Pledger,lpledgeroi@virginia.edu,Room 1384,873-180-3395
884,Alyda,Mc Caughan,amccaughanoj@blogger.com,Room 1559,284-647-3858
885,Beverlie,Rawstron,brawstronok@wufoo.com,Apt 619,808-323-7793
886,Normy,Delue,ndelueol@baidu.com,Suite 9,530-922-6451
887,Leroy,Ferroli,lferroliom@wired.com,PO Box 93855,577-714-3279
888,Chiarra,Duffil,cduffilon@google.de,Suite 21,537-572-1477
889,Koenraad,Saffrin,ksaffrinoo@shareasale.com,Suite 1,134-687-3799
890,Fionna,Lansdale,flansdaleop@tuttocitta.it,PO Box 62664,689-585-2324
891,Iain,Leckie,ileckieoq@tinyurl.com,Apt 1948,532-638-7736
892,Philip,Dunleavy,pdunleavyor@ed.gov,13th Floor,591-268-7180
893,Malynda,Kennewell,mkennewellos@yellowpages.com,Apt 458,738-255-3075
894,Lanni,Carress,lcarressot@dedecms.com,Apt 793,663-327-3949
895,Saidee,Credland,scredlandou@issuu.com,Apt 711,203-467-8614
896,Koressa,Keeltagh,kkeeltaghov@hubpages.com,Suite 3,822-578-3378
897,Ezekiel,O'Shields,eoshieldsow@domainmarket.com,Room 572,397-879-2789
898,Iolande,Dawidowicz,idawidowiczox@storify.com,10th Floor,125-493-9916
899,Jade,Serrell,jserrelloy@amazon.de,20th Floor,700-996-6797
900,Cecilius,Connick,cconnickoz@linkedin.com,PO Box 14689,265-844-7176
901,Rodrique,Robjents,rrobjentsp0@smh.com.au,15th Floor,797-950-9313
902,Silvia,Kelling,skellingp1@gov.uk,Suite 44,967-850-0222
903,Locke,Lavis,llavisp2@blogger.com,PO Box 62179,911-137-4449
904,Patricio,Whitington,pwhitingtonp3@youtu.be,Suite 29,460-596-7353
905,Jenn,Duplock,jduplockp4@tinyurl.com,Apt 825,990-275-9689
906,Lucila,Curado,lcuradop5@sakura.ne.jp,Apt 1603,115-928-0888
907,Giusto,Tregaskis,gtregaskisp6@4shared.com,Apt 721,510-365-1999
908,Murry,Ayre,mayrep7@sitemeter.com,Apt 1201,825-610-3270
909,Rosella,Charters,rchartersp8@amazonaws.com,PO Box 23009,868-731-0573
910,Nataniel,Greatbatch,ngreatbatchp9@abc.net.au,PO Box 21761,906-962-6888
911,Gene,Bowgen,gbowgenpa@cnet.com,7th Floor,696-136-6406
912,Linn,Fearnall,lfearnallpb@google.cn,Room 546,229-195-5469
913,Fidel,Yurin,fyurinpc@ifeng.com,Suite 46,137-114-2958
914,Rand,Colliber,rcolliberpd@wordpress.com,Suite 17,123-370-6663
915,Ive,Trotter,itrotterpe@geocities.jp,Suite 62,943-362-9095
916,Cherish,Wallas,cwallaspf@eepurl.com,Apt 1051,529-793-7675
917,Floria,Alpin,falpinpg@weebly.com,9th Floor,506-190-0442
918,Bren,Scini,bsciniph@histats.com,11th Floor,696-585-8739
919,Melba,Doumer,mdoumerpi@blinklist.com,Apt 1908,476-103-1776
920,Rebekkah,Cauley,rcauleypj@fastcompany.com,Apt 1441,837-254-3141
921,Jeannette,Maden,jmadenpk@jiathis.com,PO Box 35104,492-722-1255
922,Shawn,McAulay,smcaulaypl@ustream.tv,Suite 3,595-874-1564
923,Lorianne,Melchior,lmelchiorpm@i2i.jp,PO Box 23504,225-467-2846
924,Sarge,Joplin,sjoplinpn@topsy.com,Suite 82,187-680-0739
925,Wren,Drinkhall,wdrinkhallpo@blogspot.com,PO Box 65544,450-107-8854
926,Bianka,Oddey,boddeypp@jigsy.com,PO Box 86145,594-484-6871
927,Kayne,Carbry,kcarbrypq@mayoclinic.com,Room 1802,734-139-3414
928,Zack,Bent,zbentpr@yahoo.co.jp,PO Box 31389,350-428-0969
929,Patience,Grimbleby,pgrimblebyps@mapquest.com,PO Box 15450,362-447-9944
930,Willamina,Itzcak,witzcakpt@whitehouse.gov,16th Floor,106-146-1696
931,Lovell,Bartomeu,lbartomeupu@spotify.com,PO Box 59051,201-777-3853
932,Denni,Impey,dimpeypv@discovery.com,PO Box 7115,415-308-9589
933,Ambur,Whitlam,awhitlampw@meetup.com,Suite 43,712-354-1827
934,Tracee,Guard,tguardpx@joomla.org,Suite 100,294-885-7070
935,Wylie,Simonel,wsimonelpy@chronoengine.com,PO Box 44220,411-211-5033
936,Courtenay,Burley,cburleypz@infoseek.co.jp,Suite 3,664-750-6962
937,Bradney,Salterne,bsalterneq0@nba.com,Apt 1873,913-780-6391
938,Marilee,Scripture,mscriptureq1@cpanel.net,Suite 81,989-682-0033
939,Gussy,Cuvley,gcuvleyq2@cam.ac.uk,14th Floor,281-846-0415
940,Rafi,Battany,rbattanyq3@phoca.cz,Apt 1787,572-823-1704
941,Terza,Drable,tdrableq4@google.fr,PO Box 4911,415-213-3547
942,Cris,Roelofsen,croelofsenq5@hhs.gov,Apt 792,955-291-3660
943,Nial,Skedgell,nskedgellq6@prlog.org,Room 1051,832-787-6446
944,Jodi,Stucke,jstuckeq7@senate.gov,Apt 1972,559-953-6226
945,Garnet,Drummer,gdrummerq8@odnoklassniki.ru,Suite 20,363-778-0299
946,Orren,Natalie,onatalieq9@auda.org.au,Apt 1176,383-569-3403
947,Christi,Cootes,ccootesqa@unc.edu,2nd Floor,633-477-6508
948,Barbie,Genery,bgeneryqb@myspace.com,Room 504,660-364-9336
949,Shantee,Gooden,sgoodenqc@shinystat.com,Apt 596,240-508-6211
950,Arnuad,Walton,awaltonqd@yolasite.com,Apt 941,243-304-1496
951,Daron,Saltern,dsalternqe@cnbc.com,Suite 53,339-666-4821
952,Shirleen,Stronack,sstronackqf@facebook.com,19th Floor,775-824-2754
953,Mayne,Pirouet,mpirouetqg@smh.com.au,Apt 118,192-907-5817
954,Klara,Dedrick,kdedrickqh@google.cn,Suite 57,662-421-6902
955,Verine,Konerding,vkonerdingqi@goo.gl,Suite 90,355-398-0108
956,Bartie,Tanby,btanbyqj@tumblr.com,PO Box 20230,503-702-7333
957,Henrieta,Gingold,hgingoldqk@salon.com,PO Box 4307,419-346-1622
958,Magda,McGougan,mmcgouganql@bbb.org,Suite 50,636-177-8784
959,Philipa,Overbury,poverburyqm@tmall.com,13th Floor,890-552-4752
960,Wes,McMorland,wmcmorlandqn@istockphoto.com,Suite 90,703-859-2387
961,Bidget,Bellas,bbellasqo@bigcartel.com,Suite 75,292-920-4902
962,Salomon,Monkhouse,smonkhouseqp@people.com.cn,Apt 1473,921-372-3753
963,Benjie,Callacher,bcallacherqq@ifeng.com,Room 490,934-504-5022
964,Ursala,Itzchaky,uitzchakyqr@skype.com,Apt 1715,849-812-1980
965,Northrup,Turton,nturtonqs@redcross.org,PO Box 57496,670-605-3781
966,Mikel,Binny,mbinnyqt@xing.com,Room 44,582-773-0548
967,Blondy,Harriss,bharrissqu@telegraph.co.uk,12th Floor,151-590-4604
968,Uriah,Kerr,ukerrqv@umich.edu,Suite 38,980-493-9989
969,Lucius,Cripps,lcrippsqw@mac.com,4th Floor,451-294-7119
970,Bambi,Runnicles,brunniclesqx@blinklist.com,11th Floor,545-777-8180
971,Misha,Shelley,mshelleyqy@instagram.com,PO Box 23390,712-659-1566
972,Kylynn,Stops,kstopsqz@businessinsider.com,Suite 62,553-301-5126
973,Nelia,Tomczak,ntomczakr0@nbcnews.com,Room 1224,728-565-7663
974,Bryan,Luckey,bluckeyr1@hhs.gov,7th Floor,766-611-4258
975,Addison,Tindley,atindleyr2@apple.com,Apt 431,377-351-0390
976,Irvin,Kobes,ikobesr3@statcounter.com,2nd Floor,251-941-1829
977,Orelia,Ditchburn,oditchburnr4@narod.ru,Suite 87,143-480-5193
978,Hilary,Bener,hbenerr5@hp.com,PO Box 17170,559-339-7982
979,Lil,Kuhlmey,lkuhlmeyr6@yandex.ru,Room 1199,888-764-5521
980,Riannon,Tall,rtallr7@senate.gov,Suite 11,272-943-0441
981,Adolf,Reisenstein,areisensteinr8@reuters.com,PO Box 51560,993-217-0658
982,Luise,Clubley,lclubleyr9@mysql.com,Suite 10,564-835-4041
983,Dannie,Burke,dburkera@pen.io,Suite 37,714-620-5738
984,Sergent,Eddies,seddiesrb@multiply.com,Room 1679,359-680-2841
985,Antonius,Smitton,asmittonrc@globo.com,PO Box 89550,778-520-8339
986,Meaghan,Batterham,mbatterhamrd@go.com,3rd Floor,838-574-4654
987,Abbie,Ragborne,aragbornere@japanpost.jp,Suite 38,997-850-2614
988,Barbee,Cottingham,bcottinghamrf@wikispaces.com,PO Box 98116,716-314-7485
989,Leandra,Padbury,lpadburyrg@theatlantic.com,Room 612,950-111-5304
990,Sanford,O'Corrane,socorranerh@biblegateway.com,9th Floor,122-653-5609
991,Velvet,Spittal,vspittalri@ted.com,Apt 1295,820-154-5862
992,Celina,Webley,cwebleyrj@g.co,Suite 77,664-791-9016
993,Cherie,Squire,csquirerk@tripadvisor.com,Apt 1610,118-448-4455
994,Albertine,Sall,asallrl@mit.edu,11th Floor,573-873-8950
995,Pammie,Jaukovic,pjaukovicrm@abc.net.au,Room 1212,555-367-7618
996,Algernon,Betun,abetunrn@gmpg.org,Apt 386,833-101-7825
997,Zedekiah,Demsey,zdemseyro@nytimes.com,Apt 1511,129-840-0244
998,Patience,Joutapaitis,pjoutapaitisrp@addtoany.com,Apt 948,594-100-8375
999,Anny,Blanche,ablancherq@sciencedirect.com,PO Box 74624,137-500-8858
1000,Willyt,Dannell,wdannellrr@live.com,13th Floor,130-263-8362
